{"\u5149\u4f0f": {"\u8fd0\u884c\u6210\u672c(\u5143/kWh)": 0.0005}, "\u50a8\u80fd\u7535\u6c60": {"\u6700\u5927SOC": 0.9, "\u6700\u5927\u653e\u7535\u529f\u7387(KW)": 1250, "\u81ea\u635f\u8017\u7cfb\u6570": 0.0025, "\u6298\u65e7\u8d39\u7528(\u5143/kWh)": 0.00075, "\u6700\u5927\u5145\u7535\u529f\u7387(KW)": 1250, "\u6548\u7387": 0.95, "\u6700\u5c0fSOC": 0.1, "\u521d\u59cbSOC": 0.1, "\u8fd0\u884c\u6210\u672c(\u5143/kWh)": 0.005, "\u5bb9\u91cf(kWh)": 9600}, "\u51b0\u84c4\u51b7\u88c5\u7f6e": {"\u50a8\u51b7\u51b7\u91cf\u5206\u914d\u7cfb\u6570": 0.9, "\u80fd\u6548\u6bd4": 3, "\u6700\u5c0f\u50a8\u51b7\u91cf": 0.1, "\u6700\u5927\u4f9b\u51b7\u529f\u7387(KW)": -500, "\u8fd0\u884c\u6210\u672c(\u5143/kWh)": 0.01, "\u5236\u51b7\u673a\u7684\u5236\u51b7\u80fd\u6548\u6bd4": 3, "\u6700\u5927\u50a8\u51b7\u91cf": 0.95, "\u521d\u59cb\u50a8\u51b7\u91cf": 0.1, "\u6548\u7387": 0.9, "\u4f9b\u51b7\u51b7\u91cf\u5206\u914d\u7cfb\u6570": 0.9, "\u5bb9\u91cf(kWh)": 3000, "\u6700\u5927\u50a8\u51b7\u529f\u7387(KW)": 500}, "\u5438\u6536\u5f0f\u5236\u51b7\u673a": {"\u70ed-\u70ed\u8f6c\u5316\u6bd4": 1, "\u8fd0\u884c\u6210\u672c(\u5143/kWh)": 8e-05, "\u70ed-\u51b7\u8f6c\u5316\u6bd4": 0.8}, "\u53d8\u6d41\u5668": {"\u76f4\u6d41-\u4ea4\u6d41\u8f6c\u5316\u6548\u7387": 0.95, "\u4ea4\u6d41-\u76f4\u6d41\u8f6c\u5316\u6548\u7387": 0.95}, "\u71c3\u6c14\u8f6e\u673a": {"\u70ed\u7535\u6bd4": 0.6666666666666667, "\u6700\u5927\u6280\u672f\u51fa\u529b(kW)": 1000, "\u4f59\u70ed\u9505\u7089\u56de\u6536\u6548\u7387": 0.6, "\u6548\u7387": 0.6, "\u8fd0\u884c\u6210\u672c(\u5143/kWh)": 0.063, "\u6700\u5c0f\u6280\u672f\u51fa\u529b(kW)": 50}, "\u4e2d\u592e\u7a7a\u8c03": {"\u5236\u70ed\u80fd\u6548\u6bd4": 3.6, "\u8fd0\u884c\u6210\u672c(\u5143/kWh)": 0.0097, "\u5236\u51b7\u80fd\u6548\u6bd4": 4.3, "\u6700\u5927\u5236\u70ed\u529f\u7387(kW)": 0, "\u6700\u5927\u5236\u51b7\u529f\u7387(kW)": 500}, "\u71c3\u6c14\u4ef7\u683c\u7b49": {"\u5929\u7136\u6c14\u4ef7\u683c(\u5143/kWh)": 0.349, "\u4e0a\u7f51\u7535\u4ef7": 0}, "\u8f85\u52a9\u9505\u7089": {"\u6700\u5927\u529f\u7387(kW)": 1000, "\u6548\u7387": 0.95, "\u6700\u5c0f\u529f\u7387(kW)": 0, "\u8fd0\u884c\u6210\u672c(\u5143/kWh)": 0.04}}